x,y,Mahalanobis,p
-0.17195485403050292,-0.3069029962194879,0.09503884173251648,0.992426062347122
0.6589558159007359,0.2946549265940247,0.4234282404136233,0.9353613600365253
-0.8653260279489152,0.24105629375206833,1.1272279074722005,0.770505555058966
0.4962789663842402,-0.013716880996871454,0.3008665391011247,0.9598654253785873
0.13917396964690873,-1.3807083297191454,2.5885218735170814,0.4595053649918034
0.6836285810350388,1.292753393593333,1.7253219315524375,0.6313189022321801
0.39111249697654366,-0.11660152488750974,0.24754860322858893,0.9695711342445599
0.8658716345602457,0.06520376913046393,0.8286798950155846,0.8425955928917838
-0.3807399803550053,1.5311941971654188,3.6522701601082774,0.30154351049450157
-0.23606064714107672,-0.7830739645491414,0.6353259653327846,0.8882997877706531
-1.2371922835305138,-0.9427813111317858,1.6615673351424864,0.6455117810689428
2.4643957579945743,-0.22511464871198905,7.6676807092556665,0.05340299120666303
-0.8681267244797258,-0.8064030441472441,0.950408508259187,0.8132491244594744
-0.5753455275607134,0.7813532859835728,1.5794042849075205,0.6640687236865486
-0.19760779113940577,0.2096870776241448,0.1368614115118544,0.9870735655411076
0.7460821829431901,1.159753728269412,1.4440344744797775,0.695246036274286
0.5027898607384785,-1.8589349555681132,5.539470559505368,0.13629680849675396
0.6578579302843867,0.404239259847139,0.443683785477315,0.9310777045765439
1.1036141808910298,1.0898028250452791,1.6760188798503957,0.6422784420778971
-2.1391709274184234,-1.14808582910258,4.376745042216787,0.223551372884068
0.588341142227374,0.19158348626764063,0.34126136221640035,0.9520903769710036
0.8124225435773852,-0.17597250457402355,0.9601972012084357,0.8108817716771692
0.7664919528163886,1.3341994925152652,1.85957900472167,0.6020564784771298
-1.1912508455703708,-0.7891026805309677,1.4327248784074997,0.6978820838562868
0.7804641749089453,-0.6652089336430101,1.7939013087636169,0.6162629778744895
0.32755526957531733,0.2204223019015903,0.11666007105295256,0.9897658103008387
0.8693665434415255,-0.004695641511275677,0.8920261621034835,0.8273516411211068
0.2641152808822307,-0.555177748446647,0.6183089831476892,0.8922284552157878
0.5699519692459952,0.4581684048888149,0.38000071473062996,0.9443421768617706
0.7293421856598339,0.7826688010947899,0.8063128902469537,0.8479564850624525
0.5313005224711612,-0.6957921624422282,1.312882125283656,0.726076384943399
0.5307100806978103,-0.3287817043220695,0.6469428029808868,0.885606708244145
-0.06912126241047681,-1.2704889549749263,1.9212292268484787,0.5889157273240462
-1.4602590751731128,-1.498521940396133,2.999417376333035,0.39171501410325615
-0.5806257581170255,2.2687361432786273,8.086340940508045,0.044260597341017505
0.22088966569522053,-0.09054605043997352,0.09145730767487417,0.9928424929760914
-1.175220036910127,-0.6080720011424081,1.3033640892738112,0.7283343953449528
1.9038858520413358,1.9236578907563384,5.085840718866221,0.16561830318806714
0.0725670178495795,-1.382422788012539,2.4838121364946586,0.4782236976510341
-1.0227708448182318,0.1602204069304588,1.3810524145222516,0.7099820990185688
-0.4126478010889825,-0.002368995394918517,0.18682861855078875,0.9796870683563199
-1.4026248782450237,0.1790780817589175,2.5303918878053735,0.46982361860437505
1.628236579579918,1.1574529041227788,2.834485590463781,0.4178543931154518
-0.11902164468721665,-1.3398370865461113,2.0831907724382615,0.5553208627689004
0.2595588372372627,0.26275872878656514,0.09860185295778298,0.9920046773710197
-0.9593392454972963,-1.6236086470312174,2.737471293472257,0.43389695319172106
0.8566564745670018,1.0461666757662107,1.3086204449221899,0.7270870912345742
0.5259832084126216,-0.41314332047104546,0.7623572416519668,0.8584478409240941
-1.359402805873814,1.1224769924897409,5.204386533594796,0.15742832005852525
0.7273212944194004,1.849265075386841,3.4967503281201187,0.3211838369921717
-0.6554117770493567,0.5757912754617639,1.2728579429450846,0.7355880929171336
-0.10037516399996783,0.8321351376235211,0.9502628493753855,0.813284347171315
-0.9673817701351779,-0.7373592566801741,1.0123298562973977,0.7982685302048238
-0.07557600366009516,-0.377932972233781,0.15459720054653325,0.9845628116919918
1.1048243865024192,1.2146530738505001,1.8944933240253008,0.5945910487047559
-0.3769157417166563,0.23695076516597843,0.3153384665305394,0.9571183836215617
0.5649924732864302,-0.046112284065853125,0.40821549168512516,0.9385401863850001
-0.5214562357098728,0.5385009523173463,0.9448486823545275,0.8145934829403073
0.20826270371940778,0.05836262079496731,0.04596680834016374,0.9974147397825589
-0.1582901559833365,-0.297742713104123,0.0889357704558122,0.9931312817528101
-0.6584304837699576,-0.11420948966242479,0.42632713938598404,0.9347518038546819
0.22225810148365654,1.0809598895381445,1.2636985509261358,0.7377707243619596
-1.628664651216665,-1.5555630475616322,3.4615211258572307,0.3257870996900455
-0.1080745432791289,0.9864125781065697,1.3227604128030943,0.723735617602391
-1.0362913817926516,-1.582849647772725,2.666760821033699,0.4459055298828294
0.9534712995970629,1.1053633888469012,1.5103734014679668,0.6798782325778683
1.2134315349694968,0.4291752130433229,1.4195046518449292,0.7009691690051703
0.9472529222284428,-0.32489869305042307,1.4959720259822318,0.6832002962240433
1.8826069529052503,-1.2092302992692219,8.241517549038164,0.04127527084165061
-0.5725855961445819,1.6538934763651845,4.7118512807238035,0.19415431449131582
0.9372717380186067,0.8647131569625262,1.1341670294212252,0.7688330801072768
-0.6564891876440226,-0.7417620019455524,0.6746735048883619,0.879144202546818
1.3518550749156633,0.5888244570799076,1.7534433840760069,0.6251181908241552
-1.3541155438577692,-1.8209873045279612,3.70505972442909,0.295124085352628
1.0642753472099056,-0.8401592480611163,3.1093678850250455,0.37506825014210987
-2.1363885237555102,-1.7794189926764536,5.294612717403935,0.15145234592307433
-1.9552439445744128,-0.22878899066985023,3.9747746520731515,0.2642009266660592
-1.1169658808858938,-2.190660163077278,4.894685455067445,0.17967323006750846
-0.7130677739278914,0.15254155537014788,0.709609322320636,0.8709414458001458
1.4529089719463768,0.3397286909623345,2.102034640699194,0.5515012513511628
-0.4313210022082979,-1.320514523301755,1.7956458420552015,0.6158829074945706
0.3589836075932138,-0.09810954860815241,0.20365104362040767,0.9769977534854051
-0.7745136614571394,0.9060113534716093,2.400735259511587,0.4934977690601625
-0.860824377592177,-1.213289511616866,1.6077580037675883,0.6576320265138045
0.3475712959270025,0.6026186760998757,0.38247957559106893,0.9438375434819173
-1.7617160579298023,-2.6038746257913674,7.3093276156120295,0.0626654449128039
-0.2790793154615243,0.8072607149972139,1.117796300425205,0.7727798157248478
0.4886256229148657,0.7100244753824302,0.5563927604805701,0.9063385415114715
0.3337997688030534,0.27417258195004157,0.1347700473878902,0.9873608561300122
0.1701055194244047,0.5771810065411274,0.34866763648706306,0.9506299303326203
-0.9702352431444509,-0.19801362435932873,0.919024633174876,0.8208344687900649
0.6715008804201884,1.6980230955853488,2.9482628298391567,0.3996710086348114
0.37316407057975565,1.3099559994629915,1.7967132421372825,0.6156504322375749
1.6813435239058228,2.195940288532926,5.522826001401578,0.1372797261991493
0.21690483365678145,1.5751357212601134,2.784370433875062,0.4260792889030932
0.618078930912309,1.1195621470549608,1.3024195376462717,0.7285586133979516
0.37084640633578403,-0.727077350074198,1.0969761308988049,0.7778041073884228
-0.10006165639796549,-0.7465058138123344,0.6275122561614284,0.8901061879193859
0.7613443522877779,0.46625665149090184,0.5914375104131991,0.8983897317613372
-1.1079290392861545,-0.731745708587285,1.2364141708718153,0.7442845853758115
-1.074201625988668,-0.2932410436658547,1.0955321088173342,0.7781527584134026
0.38147002750328607,0.9365168784402503,0.8981786178931392,0.8258673281374411
-1.5867529129955595,-0.9949151249177065,2.498970586988452,0.4754771500523267
1.4450897117578778,0.3348328157876887,2.081562319351916,0.555651828192927
0.20553783147800692,0.7957366323437951,0.6699071878040005,0.880258202083142
0.9441507162790519,-2.117213671601616,8.635921037505366,0.034544398659247966
-0.011456154223075117,0.9120181557373095,1.0391322459128696,0.7917842841022799
-1.5738601794136347,-1.1900476214380018,2.6836858593867015,0.44300683483559733
-1.3531975470493833,-2.2988802351575557,5.492273723262645,0.13910146528724154
0.10363416261771628,-1.0329814129354467,1.4496704688398625,0.6939341004385174
0.5155331415342952,0.06277303272269263,0.28842154823100374,0.9621911602956996
0.7583894084267131,1.7825142311085276,3.2431809767275057,0.3556294070812418
0.3943692826072969,-0.682062434233437,1.0387041749424146,0.7918878265191371
-1.116777338377443,0.06806140960688199,1.495960543160982,0.6832029482307727
1.7218489880852512,-0.06304761719620575,3.563424304612743,0.31262888594348415
0.41798664383837403,-0.7324171026607229,1.1873948911798882,0.7560290979789068
-0.5649269495670853,-0.27212087033907467,0.2931668524481576,0.9613084462557845
-1.4176959204199588,-0.577394745821237,1.8718603360623494,0.5994235286371481
1.1628429845347525,0.3947907770907967,1.3075325351830585,0.7273451830864638
-0.3316683708918892,0.5426879173807645,0.6657765428200934,0.8812225736800446
1.0628920767525867,-0.6160421649694412,2.4580660766590046,0.4829171707423586
1.287907126187049,1.605196616837586,3.032452434273614,0.3866486628408039
-0.10999722396377601,-0.698101294362773,0.5407176364654458,0.9098590657243574
-1.5739186636858635,-1.035172546873065,2.5027762432881255,0.4747895629452702
0.5302208404774348,1.1893162708854377,1.4461470287653344,0.6947541462474487
0.7507626188192048,0.25032328265432197,0.5507864597113181,0.9076002793646367
0.4505257027445569,0.8700154755752455,0.7818018151167706,0.8538146630237172
-0.34206876212471327,1.2841832122167682,2.61370935267219,0.45509118784365643
0.6612167948227387,0.8839071845226064,0.8909809804820825,0.8276037428480719
0.6209600808958439,-1.7619438605814266,5.42036452468263,0.14348005028431987
-0.39142560605564236,1.0044598213639702,1.8146888292732593,0.6117437105764425
-0.3819800752287099,-1.1424083262674811,1.3407261668371064,0.7194857065870536
0.3335042874609823,-1.6151606188475727,3.9209507272738175,0.27012751256005063
0.40347967147597624,1.2528277564402976,1.6261800597535578,0.6534683431046
-0.3609031660445419,0.5301574818163762,0.6833536153854549,0.8771121860954584
0.3889330317029163,-0.32922626033910335,0.4472943778059869,0.9303082733189169
2.3302927937450506,0.5913930847135191,5.335461276835808,0.14881784243157625
0.5150555105456653,-0.2711578691664089,0.5494467421190082,0.907901367991624
1.4591651151651337,-1.2278599336101799,6.169116525395575,0.10366604729354034
-0.27576520043063274,1.0338212445913633,1.6928520523032804,0.6385241157322921
0.2840188762204843,1.619120040978339,2.87882100572688,0.4106883930364771
-0.5812656728083644,0.40376825368840025,0.8158804983250184,0.8456649784619038
0.19124286952212316,-0.4447361351207613,0.37895521261044496,0.9445547094916097
0.6405966006711273,-0.9143405209748496,2.118469128760857,0.5481853789543196
0.7830560233694052,1.0352912300454178,1.2267475169001336,0.746596558474873
-1.6271133039123467,-0.24047056112504311,2.6916421596376017,0.44164949083726357
-0.06578789338604825,0.9680055929409259,1.2271284889687522,0.7465054018350352
-1.9805072744699224,-0.29554667175728006,3.9926252783765683,0.26226156857784333
0.564285578065893,1.0432649793767212,1.1282959125425462,0.7702480998422435
1.6351883705412926,0.42832321267512846,2.628480403998374,0.45251842702532574
0.9672620016539316,0.28194468905727704,0.9183168462725362,0.8210054331984377
-0.12025562344299152,0.22630584996219807,0.10464577914705515,0.9912741431846472
1.8211164947994123,0.4336517501866424,3.287320847578794,0.34941124890032504
-0.6547166827186219,-0.15759552807945967,0.4072179370836836,0.9387474348848657
0.10422657831731683,0.15129783537065333,0.026632128834692636,0.9988532720005555
0.6489581609188403,-0.5060144117691605,1.1498526349317781,0.7650550944762073
1.1485559168204589,-0.410387815439869,2.2296873364791945,0.5261245877100664
-1.780271730016433,-0.9914644614868037,3.047982711925199,0.384286188959181
-2.0768350726403146,0.027389956961227726,4.982575421536868,0.17307751303354302
0.7244434676620382,0.16987314113491284,0.5295868040163116,0.9123448650023014
-0.8592624898595903,1.2003633813891932,3.6602801423722644,0.30056151136172704
-1.1682598571205527,-0.6007690425406699,1.2866790574139586,0.732298670672207
0.9421622275706071,0.9804080751573498,1.294535732069869,0.730431028148141
0.7498789314553138,1.084689694360613,1.2945039818687158,0.7304385722838105
-0.6997244130284409,-1.2776056854875673,1.6728197793973476,0.6429933901418472
-0.22965073494722596,-1.667453365478419,3.12199035267674,0.37319640570310986
-0.19392025563275886,-0.5077839903726236,0.2611893833070669,0.9671544103023246
-0.46345879995069,-1.8683045609204432,3.696133547648736,0.2962008907265187
-0.3176859746053084,-0.22160642211531797,0.10021003513822471,0.9918122067913732
1.325821553895492,2.0467047116755355,4.490995648820269,0.21309486252433307
-1.041912540346944,0.553997061790369,2.1922528566702613,0.5334759284723665
1.615989317133227,-0.5654686682022422,4.363188808575822,0.22482300747342487
1.895615388608934,1.4523244531115858,3.9986121118461715,0.2616140357997532
2.085820070929506,0.5045001161257385,4.2996609665934535,0.23087142067381416
-1.9922131518747983,-1.022648794665047,3.7665287329320774,0.2878034789909685
-1.6023655823009457,0.670175492299225,4.566153575069061,0.20646489871484197
0.22907760867320537,-1.386742047612074,2.776290775821889,0.4274177636811488
-1.3653165934571136,-1.5190569902752409,2.8850714529819603,0.40968641671646744
0.4777249599927063,1.6841345158036702,2.9696748761476504,0.3963243844174702
-0.6819139838751075,-0.36447503829284456,0.43594083906049963,0.9327218628292381
0.19442971840459874,0.018034070361714945,0.04434357243815888,0.997549274340753
0.7471979591679395,1.581716652218165,2.558595967216556,0.46479448605410034
0.914225429363726,-1.4763075520481415,5.055435032550622,0.1677826333914083
-0.3008358432144202,0.6911248366412076,0.8988621724791072,0.8257023843331767
0.6637258843532903,-0.7272951209209031,1.667946836650057,0.6440832991925936
-0.5977878311540832,-0.04298483735266846,0.3758559471978692,0.9451836649950047
-1.0097497533365662,-0.8426953088285335,1.175321131946757,0.7589292033665994
-0.4234725551428744,-0.24056655585956715,0.16740021902053268,0.9826720529358854
-0.6831141330520126,-1.376616365570834,1.9259401699372565,0.5879194679076236
0.9545253367261123,-0.0027584662097699005,1.0710822001943647,0.7840591380639778
-0.12195041522521113,-0.6053214049758419,0.396397249363964,0.9409857292488496
1.0273626654657064,0.4086075898207479,1.0166683548251954,0.7972187956164104
0.9735079043535084,-0.29769144712915907,1.5152837108396138,0.6787473769899528
-1.3529952794354119,-2.0128640459104092,4.353674740747107,0.2257194453546706
0.5708760300613612,0.6126432352749233,0.4961296310006433,0.9197408883949291
2.72360126285678,1.9145731547278972,7.854673385918845,0.04911261808771372
-1.6393146456085121,-2.190954242369883,5.384053849766106,0.14574031246152108
0.9974094818344675,-0.14931453806088874,1.3445973043321644,0.7185712215443526
0.7311984880818942,0.45830847600891145,0.5500571074799017,0.9077642147109674
-0.4471595720887288,0.525469587260937,0.7999246383760933,0.8494850588149822
1.2237038882908224,1.0605206609101288,1.8259913287416814,0.6092953308793503
-0.8455039852643436,0.5806324030213235,1.7194222222576967,0.6326244589492214
-0.7715116992587674,-0.3720466467655498,0.5520158912163136,0.9073238316759462
0.010816866809514297,-0.41037309356630214,0.21514330774435647,0.9751084039241902
0.853454969527434,-0.8243186420716615,2.4138113924871454,0.491068814823319
-0.09616547396975986,-0.7882766575512311,0.7052308707791113,0.8719729111803171
2.3067209057657703,1.5429933555012705,5.516046429042327,0.1376820071848749
1.999130226564016,1.3519109470521706,4.167048873029792,0.24398169336651843
-0.03955857741995487,-0.957764878100793,1.1034882620979076,0.7762320706868944
-0.6886771833225823,0.36320946853612546,0.9479480191441915,0.813844092865125
0.26059511930310786,0.62849981331619,0.40549867449817867,0.9391042696258527
1.0370816844283615,0.05371843887596945,1.2063535770041713,0.7514808682725181
-0.9649907548066317,-0.1241134787012649,0.9509502055723394,0.8131181319757381
0.3650342366569995,0.8156329603248369,0.6817189444696333,0.8774951804326738
0.9976983143519149,1.8852319858889963,3.6629787770234765,0.30023131017249816
1.0528620204235122,0.4592958570068495,1.0680501650891638,0.7847919536616192
-1.692486010420456,-1.6870020503511807,3.907434010813132,0.2716346283823775
-0.14516730076843776,0.9300966876877754,1.2279351630421302,0.7463123964652447
0.5153529892040659,-1.485815953510763,3.8344455734209313,0.27990487544690834
-1.6762167422263599,-0.3905688390138689,2.728611917228886,0.43538687657757214
0.1496802269690992,-0.5568727060572829,0.499738637417483,0.9189488281227326
1.0771567157001924,0.5644258885698471,1.1352666678731131,0.7685681062097152
-0.44906316410111446,-0.1355049977534376,0.18479008810765835,0.9800065253032656
-0.5899387423561836,-0.7070335694993289,0.5887417917544315,0.8990047770795302
-1.482546612170513,0.08680608233969553,2.640099088981917,0.4505029858721482
-0.7582483639129698,0.41298103156775046,1.173994981188418,0.7592479054681371
0.07327187877132668,-2.0864016070827036,5.567913978731647,0.1346325681596896
-0.35153380264883993,-0.1500579134177669,0.11026713544911831,0.9905774867302802
0.41675438844935603,-0.7855350316249212,1.3078587031748834,0.7272678006778084
-0.46677729453998057,0.11659196070877727,0.31310524084513147,0.9575451872619914
0.7289208375517187,0.3238464872825576,0.5165101983543766,0.9152495064022893
0.2165828307732701,-0.14063203569874871,0.11431562039212666,0.9900658226738696
-0.2071796157294656,1.3457306427994613,2.569162447466634,0.46292143364290117
1.904192745228394,1.7094866293592552,4.535315340610651,0.20916178783301698
0.20599878077598413,-0.36329280344122783,0.29377735808197836,0.9611945114363803
-0.8225966251845007,-0.6889772644721858,0.7795495198933613,0.8543520028894585
0.10883806240656206,-1.0704710984786425,1.5585436046845424,0.668825872020901
-1.0138236550089674,0.5408207856838017,2.0792049953782943,0.5561311768106312
0.03500081161278906,-0.4543724577736363,0.27584818504794234,0.9645048853953737
-0.6436609038467781,-0.07084540799872519,0.42436375118298403,0.9351647794477147
-1.2204378175718436,-2.106847885947438,4.598129692632395,0.2037025848377555
1.2364556276732774,0.7302032178937805,1.5298051111346578,0.6754086068631158
-1.3819131003094238,-0.9746968186455611,1.9882076261139734,0.5748578601028054
-0.1823444068396658,-0.4871240954574956,0.24061738553683878,0.9707802870997431
1.3058589478633003,1.2697361087060592,2.305932048707606,0.5113854365901753
1.5989368212653166,0.4386673595551195,2.5028251534320463,0.4747807312134297
-2.012131736480375,-1.7207432511650882,4.792213890352992,0.18766006957927384
0.25515693373170645,-0.713043361779331,0.8973356706477226,0.826070725071265
-1.7147684164584298,-1.41780134496214,3.3863793357659846,0.335800058328916
-1.707426529161815,-0.3389153158132054,2.8796363219116468,0.4105575780055788
0.8584486312974351,1.0250874878593534,1.2745456583761474,0.7351861519053979
0.18047174372096877,-1.070359344352829,1.6611899518274618,0.6455963407397676
-0.5102150675675636,0.5077539414534697,0.869912872121016,0.832681774872063
-0.2663868163813304,-1.0351724967310378,1.1294863443543137,0.7699611506437808
-1.0034937359772114,-0.3322798226707251,0.9395561062705939,0.8158730184478449
0.6540134933352053,0.6736474947073371,0.6201851404311007,0.8917962963581583
0.9256890821730877,1.8746797627907374,3.6002612364993083,0.30798948685023664
-0.3746957292087323,-0.29308966435330824,0.15044830528836603,0.9851617549333913
-0.942830350580937,-0.6267747747393873,0.8953056756068661,0.8265605074341642
0.3395552399349143,-0.03039450950995711,0.1514038596563404,0.9850244221560032
-0.47126024705843117,-0.9538041865721717,0.9224279967880511,0.8200123200552302
0.1887400170685648,0.1063805354188257,0.03827718408907997,0.9980309934348361
-1.4597299502102346,-0.9726047332059197,2.162450753195607,0.539382219322945
-0.546811599723619,-0.1951131159236047,0.2731063276058748,0.965004465890723
-1.0767518566137972,-1.4373227420827224,2.3126595517199466,0.5101000122268726
-0.2837875455813507,0.08130874924220795,0.11838284886625196,0.9895436444639868
0.2715841166892694,0.13283143057090238,0.0754184843529321,0.994614443891826
-0.6963954888215674,0.6509298608196419,1.5267674440613968,0.6761063401091256
0.40812273408334165,-2.1973115808384924,7.103184457980661,0.06868064933788653
0.281072971245361,-0.15827196474290237,0.17337253978024972,0.981768893540257
0.907477119320565,-0.5542841219343189,1.8588051307626958,0.6022226375264141
-1.5651531348651249,-0.423680358095945,2.3413672587720895,0.5046423920331675
-0.4210433153013391,0.977230530976322,1.793483303251184,0.6163540678765291
0.9425114287947408,1.1779872481139035,1.6345890107652323,0.6515726710169667
0.8102817537398654,-1.1828598503445749,3.482069825959322,0.32309506080515293
-0.20908268103907432,-0.25438250317606886,0.07342662828416395,0.9948233042184486
0.6617127704608124,1.623424765263317,2.6928275165659517,0.44144755922542445
0.14197805346965392,1.8204297542151053,3.8682798680401635,0.2760433068391177
-1.1833603620181927,-0.24622038026152374,1.3693739300631191,0.7127290898638842
0.5214254080067444,0.9060299394421257,0.8602969198548028,0.834996932154527
0.4757519031890491,-0.3025907125253871,0.530636705990339,0.9121109111510024
0.05941029511387246,-0.5140066328843763,0.36562755357588195,0.9472478193723027
0.9456103765551466,-0.13243101948325559,1.197716586378659,0.7535520205291112
-0.19733628361362768,-0.4541101837042888,0.20742501473998867,0.9763818387017722
-0.3374299445535707,0.2292721359817972,0.26714798557993447,0.9660838077551224
-0.38555376553604553,0.4258085333845162,0.5531649128114202,0.9070653400911635
-0.8708536609617653,-0.06985766143116029,0.8003280456497255,0.8493885675844751
-1.6296624963589148,-1.257018298669126,2.9140594101019417,0.405066201282415
-0.5348847448166418,-1.2554865097720314,1.5975358605269923,0.6599486758214124
0.8763648473566714,1.0965612972611831,1.4164869531201096,0.7016746892888412
0.19728138487287789,0.0846133815996167,0.04059028530774517,0.9978513303055566
-0.3590210803939385,-0.20757101843400264,0.1198896960944596,0.9893481518766318
0.017379147268674053,-0.8842354946343489,0.9889065971270937,0.8039362079502032
0.8519836177756184,-1.4647274021413816,4.782287170592705,0.18845115048300398
-1.2963959559736664,-0.6323412109740694,1.5766738090388202,0.6646903658072976
0.227719644458645,0.7068547988545856,0.5187081141400741,0.914762511354688
0.8235634829339974,-0.2440553253808566,1.0758629245562532,0.7829038309153457
1.18238064889182,-1.0391279945519543,4.220355889216374,0.2386317604680297
1.670056282419282,1.0000996158975681,2.7907322878421956,0.425027820705001
2.136952550437288,-0.8475766422407609,8.028878908963318,0.04541862090667126
1.4480116213929928,1.1260027754746895,2.360930420481302,0.5009488449974762
-2.741595714957708,-1.6326767477822868,7.376756859013418,0.060811103965145996
-0.6044209214929892,-1.3417193495425164,1.8241844138026255,0.6096863309737492
-0.8193840073525424,-0.8661641206944617,0.9710632926604178,0.8082532972066842
1.3916828233687004,1.428846558075243,2.771584215883989,0.4281990480514356
-0.732836974771958,1.3135250579698354,3.713812562948686,0.2940715922893533
0.2266113078489344,1.305225384177295,1.8727230250952445,0.5992388621351581
-0.6923169323105709,-0.5990201600725483,0.5649344732639785,0.9044107602158036
1.3085243271065778,0.4188088466740319,1.659080662299072,0.6460690827444271
0.7790039962336791,-0.5784842502076247,1.5878031977465834,0.6621585141656334
0.3317106434945852,-0.11525297885263872,0.18905334597250817,0.9793368120976668
-1.5984917978083726,-1.4854347141564883,3.246370218972388,0.3551769307647583
-0.35793345702076385,-2.552856764754025,7.305590911871741,0.06276979368930169
-0.8577891967914064,-0.5754906587338844,0.7426183375136649,0.8631367968401897
1.1815399653618293,-0.028874581533316217,1.6669698125995525,0.6443019539028849
2.234402407889929,1.4850757347808892,5.163227520493338,0.16022765238824666
-1.6646673214872834,-0.6504822828249361,2.587246175583501,0.45972984540206985
-0.5786156568724988,0.6617302516977552,1.302486133254282,0.7285428040988094
-1.346496644230432,1.0037269997566671,4.675110029333561,0.197192668535777
1.1517621646481535,-0.33580662851918297,2.083323742433908,0.555293844245756
0.02425478327113343,0.9101195955439757,1.0031604559448937,0.800487219721947
0.721175959301163,0.0488269032753333,0.5806155936093054,0.9008552943608374
-1.5703488522224884,-1.3102414996651983,2.857220737792353,0.4141667802085639
-0.26357735539734733,1.090748622821846,1.8377703431031538,0.6067503793640567
1.1997226234576275,0.3707029115121,1.4003277221154184,0.7054579131100331
-1.1412292661646308,0.3368703554255629,2.00549358893525,0.5712672728343953
-0.6631744404469755,-0.36597367281136095,0.4145713604895638,0.9372162139881199
-0.6026571517173348,-1.1961737603160136,1.4544272139812362,0.6928277261497378
0.3576977128368695,-0.010132874888701788,0.15846884566191138,0.9839977259963925
-1.5859817807454768,0.5000682815355526,3.9756960623795,0.26410050367176674
1.7729874827966303,-2.527875468755785,16.127027104492992,0.001067969276900782
-0.40531157404854,1.0367450895087493,1.9361437929679102,0.5857654974256938
0.11951765313621253,0.6886342275277061,0.5214494316237605,0.914154418258367
0.31978260853310475,0.7082343416013526,0.5146703734278731,0.9156567739614159
1.3992896249712568,-0.33392716622958124,2.8952927829929114,0.4080522923822929
0.7288930905253337,1.833648107480796,3.436724045379199,0.32906200248614303
-0.2309403225660655,-0.28913412131594807,0.09383840366693047,0.9925664460513204
1.4763712206629374,-0.1387813633265206,2.7713169340490604,0.42824345186118107
-0.17893594427422818,0.49735307009259705,0.4285977911828403,0.9342735184909524
-0.37958738594388103,0.7034741104971189,1.040147138810378,0.7915388037116707
-0.16442967853354465,0.7488819993530226,0.8456513154687867,0.8385195187342795
0.29297043619831764,1.393565452647142,2.095215442174764,0.55288131828318
0.885857195396862,-0.354056936026886,1.3957580270820482,0.7065293739098398
1.2631704630147829,0.204408126196752,1.652371482492362,0.6475740854330168
-0.1471759227377763,-0.7235083870549919,0.5657804062577952,0.9042194924613656
0.5764015859770213,0.046349080792484995,0.36972386045222055,0.9464233123581749
1.4519185858829633,-0.10336914697777409,2.6221258805082615,0.45362379141037734
0.28053182381481956,-0.6101995753845022,0.7334973282458136,0.8652981692492386
1.2197126689855058,-1.06565746736433,4.465747169896228,0.21536598626058767
-0.6046603634161088,-0.16684549853041028,0.34172637635825887,0.9519989839112044
1.4546933361551135,0.24079403227127055,2.18227502239428,0.5354480722033925
-0.8191021823608575,-0.6545614791655094,0.7465446096197043,0.8622053404694368
0.632863472247417,-0.4478565962774537,1.011265085793624,0.7985261645944486
0.531231206245922,0.6584693105831352,0.5170547152535452,0.9151289035952634
-1.3824848976822326,-0.5871359095871829,1.7801040661197494,0.619274055107834
-0.8383831133287236,0.2791969615855874,1.1252106748372315,0.7709918750159027
-2.0854015291100936,0.21071539288741223,5.4643830636678965,0.14078449236566537
-0.0544458370957805,0.013378106441381998,0.0033245251316584815,0.9999490692429696
-1.9738310585089909,-1.8550451485823938,5.011513956725771,0.17095597471600565
0.22434577097881397,-0.4124615249207858,0.36862402188457843,0.946644973396147
1.673012731178567,1.1645703673002987,2.961508152511609,0.39759801546971374
-0.8017981037204245,0.6365001097413403,1.741221867517848,0.6278084503732251
-0.167831657069251,0.6429460295144619,0.6489527937000514,0.8851398618928639
0.5142325820486425,2.3077665812424026,5.710368994416937,0.1265838513718729
0.47436074971674025,0.5358208167912094,0.36565058460428895,0.9472431918110177
0.9742174138256552,2.2826237279641903,5.314690257388382,0.1501519978154291
-0.7123556460398287,-1.153149135322451,1.3909554329067084,0.7076561910557335
0.5377475624449052,1.5160453087585566,2.363684959834609,0.5004304525316381
1.617482595717476,-0.11987724342058755,3.259559726770453,0.35331095410024227
-0.6395289845019501,0.04296581436766224,0.4880397454835567,0.9215110601429036
-0.9257439219066248,0.19249535756926037,1.1938693902890853,0.7544750576133
-0.47392425039383956,-0.7479360009642332,0.5863592307643435,0.8995478918178685
0.6282076183584503,0.019849220744145125,0.45496019444949565,0.9286689871429444
-1.1228216892759937,0.6014445242829741,2.5594475466035775,0.4646433083722271
1.1815509197443292,0.2629170005217602,1.4015903305192816,0.7051619912389513
-1.2597814850031694,-0.5594782436142695,1.4781258940400608,0.6873279862101358
0.3617751094299274,2.5602983715006635,7.341048208994386,0.061786382656610406
-0.6010181489460903,1.1921122662962025,2.887920661747828,0.4092303533654861
-1.9258475854289907,-0.9839560055846277,3.516272072661628,0.31865781181810715
1.152383409479231,1.5751027077688307,2.785775382306705,0.42584689868820613
1.2076701943855837,-0.2847425073253128,2.1534240311896276,0.5411805491634529
1.2329642427365357,1.1000740943414442,1.8988909049503888,0.5936550810586063
-0.6894339324438763,-0.2973415304468049,0.43643723240787685,0.9326167014834783
0.47603012657974075,0.13740904636222473,0.2273402278189018,0.9730594480699539
0.3016439890191706,0.313238973158214,0.13591971731523586,0.9872031625618717
-0.4928733486757881,0.3596743901257218,0.6085981837514294,0.89446122554038
-0.8847096836543475,-1.0304446928994866,1.2803670808240057,0.7338003029036051
-0.23409478172661466,1.5155394005247542,3.261223635303856,0.3530761588275231
0.4239642672985034,0.727905835055225,0.5577909543937983,0.9060234259379911
-1.2515732552089978,-1.4767069836051616,2.6158442699407916,0.45471861014150805
-1.555914199490581,-0.3613757367498682,2.349625998276074,0.5030806003420139
-1.9387279917086402,-0.6135670364103627,3.5526635486365548,0.3139957938879391
-1.0648243516370097,-1.1728797562243976,1.7291265855745017,0.630477821690183
-0.7079944982210612,1.055649050605921,2.6983368136966526,0.4405100094476605
0.16274313739332147,1.7424132709694575,3.506103647007323,0.31997136065362897
-1.3459768800511138,-0.5512121714020385,1.6859971409162888,0.6400514261490748
-0.06582398575506068,-0.9599798895980434,1.085796353820858,0.7805039595914732
-1.2868020630638743,-1.1415043452505356,2.01272098230881,0.5697706196916397
-0.1726205489594749,-2.25116131162722,5.929550435273548,0.11508851064486703
-0.13221689149324667,0.7733498006083479,0.8602567414651504,0.8350066018982705
-1.113025323413082,-2.1427148340598707,4.689613110096595,0.19598807255359119
-0.12302493502138258,-1.0145021427060499,1.1683616185092656,0.7606020684697115
0.6094858306470293,0.8866927193081304,0.864946292138075,0.8338777561456744
0.4532330517909668,-0.04062837719617746,0.2665944319175756,0.9661836398720742
-0.8347347442221821,-0.420479781316852,0.6506580354551751,0.8847435982974439
0.17200144402767473,1.4973958908366944,2.5525590174009305,0.46586732756184623
-0.5052282467781158,0.6149008497651138,1.0652649548033508,0.785465176369468
-0.9259852872951556,-1.5782713932311807,2.582926054981201,0.460490695556656
0.7725441978391974,-0.495055442435551,1.395730590922807,0.7065358089948395
-2.219984215363836,-0.5097974936307587,4.807282987375905,0.18646510520761916
-1.5238686012396003,-0.3901066125073465,2.2309039087133855,0.5258869438267353
0.15528080714725534,0.8555975406722478,0.8014921571290275,0.8491100958718703
1.1508742710473505,-0.5881264413887454,2.6646668641271622,0.44626522303117455
-0.7794675826668647,-0.8302740879063802,0.8861093206253887,0.8287785900205171
0.5177089029641875,0.2537302092435588,0.26512601214463855,0.9664480974133566
0.6777951405838113,0.8873344527688694,0.9071991279298829,0.8236901553018149
-0.8969509583400121,0.14597464414107506,1.0667843551155236,0.7850979096542413
0.7869114766461925,-0.5411414148234666,1.525119731856955,0.676484962431116
-0.7504169770997907,0.18930336428223124,0.820957148475223,0.8444480715036686
2.126761917234455,0.8027920335021858,4.318318811414386,0.22907968156445813
1.920157141069226,1.6389719303692312,4.422823856148022,0.219278393998927
1.567635639133544,1.2599568192874873,2.8255479777138137,0.4193115148269718
1.1054128118231847,0.9143310584158165,1.439528406045103,0.6962957687246483
-0.5700049608668071,-0.1321924415457531,0.308451093832241,0.9584313005416
0.5466302516766497,-1.3428703496015435,3.3393281989562977,0.3422062943315851
0.7563741952516163,0.34170998261501323,0.5560116996301203,0.9064243920408739
0.9660901753012885,1.0666948262969567,1.4581890629786165,0.6919533370912423
-1.9463771844058848,-1.2957473056077466,3.8548759278816775,0.277567339580435
-1.40428070720585,-1.9959591953772227,4.35084733197621,0.22598648434422464
0.40378829680968586,1.2430521005124637,1.5998527403105844,0.6594232103215327
-1.7343642957424106,-1.3877586291873432,3.3838043955299395,0.3361479140093072
2.238022194147382,0.47326893643257445,5.015686711926943,0.1706520833280626
-1.5127901932230976,0.5581195113552578,3.8439064336470468,0.27882021602492113
-0.14610230178978445,0.0255865295745655,0.02623319528494039,0.9988788072564949
1.5207963741463577,-0.11502930936357941,2.887624097850165,0.409277803562628
0.19582880364845423,-0.29116497749788234,0.2120430968839916,0.9756221074202036
2.045862682199258,1.3220241017912155,4.284565166178927,0.2323305096372147
-1.2521680530779098,-0.3134551368681098,1.5054009749199708,0.6810243503308546
-1.2947182510987336,1.0899397116868255,4.802674313016717,0.1868298121369908
-0.546881545497269,-0.7341041847201195,0.5975634294452804,0.8969899433272984
-1.0002625309907565,0.15236062164181022,1.3144462922112714,0.7257055533066834
-0.8776283464378178,-1.182656320408774,1.5565088590039668,0.6692908424662263
-0.15986930457761045,-0.7198295187123335,0.5547092503481751,0.9067177266664337
-0.8931351267371985,-1.9673833068783209,3.9276179609664243,0.26938690431095424
-1.9220925411270708,-1.0224836386023697,3.5244548018416126,0.3176042381852051
-2.2582369254598804,-1.1651914101495549,4.848736084520551,0.18321448388738537
1.1115505916130057,-0.44233205254703734,2.187111133027117,0.534491535977734
-0.022277944713621455,-0.32708886527263853,0.12659370043174958,0.9884653868687746
-0.45571906702235954,1.7041423715464252,4.612399210086654,0.20248099152095
-2.3648293458762497,-0.6696620101926009,5.345677140862364,0.1481657797384628
-0.31776022797740766,-0.38116422090545427,0.16869990524424053,0.9824766298086063
1.770504906106501,0.5390349045498083,3.037062000971814,0.3859461682067368
-1.1437098300699227,-0.7833908165258443,1.339328611369139,0.7198159640934827
-1.546693136906327,-0.34244849038745656,2.3333112618371397,0.506169407557133
-0.9517111622681356,2.1241422241613894,8.659496971525886,0.034177956650406904
-1.135612678944883,-0.6322546168842504,1.2326433988201355,0.7451861904641108
1.2749432119265967,0.21290455674448133,1.6779744323155446,0.6418416342327768
-0.9466587870777075,0.6756749667893367,2.2244591115788768,0.5271467709525031
-0.15470123661981358,-1.3142299221441631,1.964945050350786,0.5797142764063483
-0.13607082919916463,2.1370058849035334,5.969648710359461,0.11309625476823038
0.8478181849465322,0.21180185352357722,0.7178997280481894,0.8689858941465446
0.390470510010803,0.8192023122587001,0.6891621481103178,0.8757501125528792
0.8939542169887634,0.9750152187975318,1.2313354056762715,0.7454990114712003
-0.8247348536471505,-0.6957759462955964,0.7880893462505916,0.8523137322762816
-2.377696411968681,-1.4202065088373,5.547426628996429,0.13582933795120966
1.4662912945176843,-0.17400505756332826,2.801628662115962,0.4232318804447328
-0.8424585054629038,0.7163591444976998,2.045436459556677,0.5630299534884164
-0.7768350360793884,0.06234624401054985,0.7328600105910821,0.8654490601996616
2.1248545634695297,1.5118980353433153,4.8178317098093855,0.18563283449540857
-1.4579737764305813,-1.1531010115878577,2.3682354206496097,0.49957497731696454
0.48128062743510797,0.2579249357722922,0.23245446743898218,0.9721874141184107
0.8222329156533413,0.3129026108151493,0.6549470221492251,0.8837461255388768
-0.906321273123916,-0.22526759807940797,0.7844250682238715,0.853188609335197
0.6014288866831127,0.7801683901067906,0.7058120304305583,0.8718360568356343
0.6239484920386181,-1.0627344094359934,2.5365760834424367,0.468717215668362
1.2667737794636633,1.3331663096177626,2.362803260027346,0.5005963398419189
-1.5526977982941779,-0.4167353824988481,2.3059112184520436,0.5113894204350142
-1.8433005311552955,-0.9484044810207057,3.2230260323007283,0.3585004685739962
-0.4804725963841442,0.6681906777736577,1.1328059145549862,0.7691610844100845
-1.6388352727549893,-0.48338583445284417,2.548338105821648,0.46661860741299843
1.8830319587780622,1.7331041158472973,4.534968353264946,0.20919231774843283
0.23502430053816567,-0.04805988887372383,0.08290380473993722,0.9938069481375116
0.26654451192866685,0.4005300489278353,0.17680255419362054,0.9812443137305668
0.7146342092425076,0.5128209047789656,0.5558585632138889,0.9064588890008092
0.5926769245567408,0.4299932593612528,0.3863048001223154,0.9430568440826314
0.71958004648473,0.4391105181927605,0.5284947204523347,0.9125881026127836
-0.31977136402824446,-2.1026491603328705,4.920260448576793,0.17773005480097537
0.5642697164438368,0.21983894898999654,0.31167889920542374,0.9578172370595414
0.019396558607110495,-0.3407075791938555,0.15269299046516002,0.9848385643937216
0.18211545227326578,0.29091001136968736,0.0923077349367057,0.9927442704271737
-0.662057910938809,1.0788800131411573,2.65469153609987,0.4479819843840579
2.7710666036699108,2.366372478211974,9.193155707962331,0.02683001199232704
0.20679417813866596,-0.22108311844304962,0.161153570262445,0.9836024420196078
1.1863494404375583,2.138786165645167,4.740887610299729,0.1917840349900386
1.8877715137043136,1.1363745214177414,3.5665513568923926,0.3122326562867549
0.15207422935877118,0.24307212649248913,0.06483714393292786,0.9956935167686737
-1.7150566700488294,-0.4313488331243534,2.8349889269364046,0.4177724581077823
0.3760313693111584,-1.1508179389900195,2.2549537174877896,0.5212054613920434
-1.386123163778811,-0.402359126333192,1.8214874050080847,0.6102702362702159
0.8573689553260769,0.7933557506494827,0.9528847678833219,0.8126503040441743
-0.5727387567011734,-0.0844988334692343,0.3263159353103145,0.9550055126519692
0.21045038338745997,-0.07437536166438202,0.07829789205273907,0.9943079925927443
-1.3517422358521796,-1.5308155438706452,2.892180594602113,0.40854927193374624
-0.687445499926162,-0.3572892494588129,0.4410552536224747,0.9316367618698972
-0.4947513266510526,-1.2003860911578628,1.461405725619378,0.6912060786027042
1.6539728699575202,-0.14166133639779485,3.4457947889530165,0.3278607015965729
-1.559412801429578,-1.1525971061320353,2.599487072851294,0.4575794767283434
-0.7037668308766367,-0.9977280952177843,1.082839934777565,0.7812181231060237
-0.09689177907801903,0.5531600358262161,0.4408760773085472,0.9316748367524783
-0.38042327360643796,-0.16869445564069915,0.12988768723370916,0.9880240257864342
-0.7447714708144976,-0.3029142587163806,0.5099958699648145,0.9166899382370925
0.018077725644929023,-0.8662026502851837,0.9500394302388735,0.8133383733291029
-0.38930503832622193,-2.2999393662522194,5.827611146609618,0.12030525994219521
2.169210774783259,0.7381863561724322,4.513293816602361,0.21110756998082114
0.7575370100280346,1.2161618443029416,1.5733905993711348,0.6654382588142045
-1.222578666464662,-0.17820901370977318,1.515622020650596,0.678669498151407
1.4819978758311385,-0.3898126329578155,3.333522307152749,0.3430041497759715
-0.21640534272885267,1.1341491338911196,1.8896696837398042,0.5956188155080155
0.13030304159984046,0.5334724682718263,0.30306931885470617,0.9594501944588578
0.07843588324946281,-0.25235662267198755,0.10861733546975424,0.9907836292200456
1.0817339259160104,0.3437235728132199,1.1380520294071987,0.7678970107380834
-0.15514293256521722,-0.6558432078995868,0.45721504424740533,0.9281853568804236
-0.8655352454654931,0.10878196401239443,0.9547972543323263,0.812187792637586
0.9491854927931677,1.4935750338385163,2.382497287058634,0.49690106314815563
-0.5102609299642547,0.9606397589864957,1.9272458056152337,0.5876435545612548
1.5045029261738296,1.4027535691708672,2.9350260166698448,0.40175175327378887
-2.4431463246998333,-1.9607155030410255,6.745999647915383,0.08044972589295651
-0.19274709099158235,0.026366133878175733,0.04489642311368642,0.9975037133858222
-0.3784360837990021,-0.08347545569716054,0.13425987526803954,0.9874306476165275
0.6322888808795514,3.0103675300008805,9.774365481838808,0.02058477504941425
-0.31830608882167405,0.8194814613487125,1.2046050015818885,0.7519000552592359
-0.33364909886863486,-1.417623275294251,2.139472100940785,0.5439686543113103
0.7112242889043118,1.4550645747237199,2.1697423828222653,0.5379327412577617
0.32438144693155224,0.255103432193926,0.12386776487373019,0.9888268674370879
0.4889525248786618,1.2727716512807647,1.659814384402282,0.6459046156662138
0.2100711620333143,-0.7539806797990345,0.9230408499344851,0.8198642607834067
-1.17613721486427,0.34246875205935073,2.1212000625644176,0.5476357672313357
-0.85457109620212,-0.2504480054344882,0.6855057232089329,0.8766077380931294
-0.3330896581589298,-0.2511590918764179,0.11543850270930432,0.989922466894929
0.4274030038344366,1.097646527531487,1.2345279950337569,0.7447355364004566
2.553960541253467,-0.3217266616514249,8.523111947065308,0.03635161690254507
-1.1423647992889636,-0.03073000995517911,1.4452235046623776,0.6949691611727533
-0.6405343938180452,0.15439439445970768,0.5887315618684577,0.8990071099942308
-0.8068958790558747,0.2045051105371934,0.9517056698573518,0.8129354436118812
-0.4457090961976993,1.1308209442785089,2.3123634624108744,0.5101565344519541
-0.8411386728301989,1.8791620855183504,6.771507020579981,0.07954843193293748
-0.47599860906843205,1.4030224946213545,3.364253907094535,0.33879935230236746
-0.8312762385799174,-0.017644931959309326,0.764483440567103,0.8579418751585473
0.9812072605038632,0.5833234214260047,0.9688413295328413,0.8087908233467633
-0.8560320042073374,0.40815051615952797,1.3855624413655478,0.7089224377359149
-0.8782659738598408,-0.011694214595721994,0.8602388041602065,0.8350109188640429
-0.27347821498304875,0.03614553333231934,0.09218979083444538,0.9927579173582203
0.20746425867987034,0.5936159529355861,0.36418263225177716,0.9475379582863737
0.005006638523725688,-0.5006835212332155,0.3152974274809588,0.9571262361819162
-1.8166803585060651,0.21842253439768958,4.223464753580285,0.23832309347916092
0.19476457724976853,-0.3251902276657664,0.24406013471570764,0.9701813207903333
0.10113013864123481,-1.8385623763682013,4.400362340073796,0.22135179219973977
1.44654285076026,0.7979609476038994,2.056596836102308,0.5607432977778664
0.1979259662626478,-0.7438764619039716,0.8869889301125444,0.8285664905090825
1.9363980999593042,0.525362425414287,3.666682780357998,0.29977862055989135
0.02003447524785085,-2.2411164908275087,6.2826043693053935,0.09864182638015684
-0.4769610242777769,-0.6331569732405933,0.44579520533666545,0.9306279626348848
-0.01600443780170357,-1.0809894281813741,1.435268444876675,0.6972888324412365
0.6039473629314661,-0.2331346298508786,0.6430169853483088,0.8865177900142127
0.8281063952282486,-0.6419577737022562,1.8579250965480585,0.6024116264218502
-0.17786046116325904,-0.16002249984006675,0.036383087195864694,0.9981742859164453
1.0198818244805166,0.5923536263795555,1.039690441508801,0.7916492682104377
1.0407226718244493,-0.051543371119644674,1.3259402351104794,0.7229827210815107
0.044796196690504164,-0.25891909099359056,0.09904783903385346,0.9919514414481879
-0.5220516862298668,-0.14224017296943856,0.25368749710348937,0.9684894974754867
-0.8250380113507905,-0.8222010718223048,0.9212300019116169,0.8203017327456666
0.03069031058952711,-1.6729227098835289,3.5300782312829853,0.31688197694003617
0.3229348154971769,-0.17896808560759334,0.22553192336135142,0.9733659858832014
1.1691470872056773,1.342419663865739,2.2385512073004508,0.524394955391271
-1.7627020483194447,-0.5956731210289198,2.920491951720318,0.4040468988089899
-0.4625290038703173,-0.6689040555570261,0.4808263214657871,0.9230831355223603
-0.11026682679456974,-1.2647370303916838,1.858495991223334,0.6022890214096308
-0.4934144819401068,0.21975822236841785,0.4394037808849352,0.9319875350026074
0.9515337733258221,-0.2474157981654461,1.376913349704084,0.7109551807676706
0.6037300898624718,-0.5281864336377644,1.1025966443715556,0.7764472805853271
-0.3223834013205909,0.2966807278423315,0.31828205526110576,0.9565542373215993
-0.1923097741272997,0.01400194286238589,0.04171341883199493,0.9977622879794802
-0.45487087634082884,0.5730862151387033,0.898530591661297,0.825782396589911
1.7396199331221038,0.5535899384796394,2.922513190298975,0.40372705749420845
-0.625653877741191,0.653861261619034,1.3804782609634245,0.7101170477107415
-2.3033275955838044,-0.8085065934731241,4.989195113219863,0.1725900430826588
0.8675349164546049,-0.06774998497464636,0.9495860971219646,0.8134479952201644
-0.6235726507338614,-1.3234654862353203,1.775985990094893,0.620174543662704
-1.5107502649790612,0.49018067407745824,3.643650989059434,0.3026033892472033
-1.0619630292816291,-0.9131605748557053,1.3321394640450346,0.7215157578807572
1.5107357238647259,0.6126763178426546,2.184526434991915,0.5350026083842874
-0.1452763668514815,-0.19720306196821993,0.041323187787477865,0.9977933575795978
0.9190124067206908,0.6754368412752183,0.9260183173104654,0.8191448808126327
-1.0366179296270666,-1.2380328559116671,1.8215741821975346,0.6102514433825199
-2.0336625041888463,-1.2353835748720632,4.073188643700056,0.25366875990016124
1.5120853182657403,1.713984721481629,3.676120469615078,0.29862793382189423
-1.085679170146952,0.017487124223941705,1.3547838194185535,0.7161670207378603
1.834670409153272,0.16262137156886394,3.6427267771338165,0.302717234274411
0.7903914108625919,1.0139511148446034,1.1954116920128264,0.7541049865550955
1.1295587737902997,0.4608159338446136,1.22663404397927,0.7466237101939682
0.5926769245567408,1.9893985054348353,4.124096474880673,0.24837199050507874
